StartDate,EndDate,Status,IPAddress,Progress,Duration (in seconds),Finished,RecordedDate,ResponseId,RecipientLastName,RecipientFirstName,RecipientEmail,ExternalReference,LocationLatitude,LocationLongitude,DistributionChannel,UserLanguage,Q1,Q2,Q2_8_TEXT,Q2_9_TEXT,Q3,Q4,Q4_2_TEXT,Q4_3_TEXT,Q5,Q6,Q7,Q8,Q9,Q10,Q11,Q12,Q13,Q14,Q15,Q16,Q17,Q18,Q19,Q20,Q21,Q22,Q23,Q24,Q25,Q26,Q27,Q28,Q29,Q30,Q31,Q32,Q33,Q34,Q35,Q36,Q37,Q38,Q39,Q40,Q41,Q42,Q43,Q44,Q45,Q46,Q47,Q48,Q49,Q50,Q51,Q52,Q53,Q54,Q55,Q56,Q57,Q58,Q59,Q60,Q61,Q62,Q63,Q64,Q65,Q66,Q67,Q68,Q69,Q70,Q71,Q72,Q73,Q74,Q75,Q76,Q77,Q78,Q79,Q80,Q81,Q82,Q83,Q84,Q85,Q86,Q87,Q88,Q89,Q90,Q91,Q92,Q93,Q94,Q95,Q96,Q97,Q98,Q99,Q100,Q101,Q102,Q103,Q104,Q105,Q106,Q107,Q108,Q109,Q110,Q111,Q112,Q113,Q114,Q115,Q116,Q117,Q118,Q119,Q120,Q121,Q122,Q123,Q124
Start Date,End Date,Response Type,IP Address,Progress,Duration (in seconds),Finished,Recorded Date,Response ID,Recipient Last Name,Recipient First Name,Recipient Email,External Data Reference,Location Latitude,Location Longitude,Distribution Channel,User Language,Thank you so much for taking my survey. My study is possible because of you and your answers. Here are a few things to keep in mind: 1. All of your answers will be kept anonymous. 2. The survey should take about 10 minutes to complete.3. There are no wrong answers - your instinct is right!,​Where did you grow up? - Selected Choice,​Where did you grow up? - Outside USA: Please Specify - Text,​Where did you grow up? - A combination: please specify - Text,How old are you?,"What is your native language (the language you first learned to speak)? If other than English, please specify: - Selected Choice","What is your native language (the language you first learned to speak)? If other than English, please specify: - Other (please specify): - Text","What is your native language (the language you first learned to speak)? If other than English, please specify: - I mastered  multiple languages as a little kid (and can speak/ spoke them fluently)  (under 6): - Text",Do you have any experience with linguistics?,"For the following section: Imagine you intercept an alien language over the radio. The radio signal is a little rough, but you can make out individual, unique words. Luckily, they sound a lot like English. You and a partner want to make a dictionary for these words. Your partner has written two possible spellings. Now, it's your job to choose which spelling best represents the word. 
Listen to the audio recording for each  question and select which spelling you think is most appropriate. Please do not listen to the audio more than 3x before choosing.",How would you spell this word?,How would you spell this word?,How would you spell this word?,How would you spell this word?,How would you spell this word?,How would you spell this word?,How would you spell this word?,How would you spell this word?,How would you spell this word?,How would you spell this word?,How would you spell this word?,How would you spell this word?,How would you spell this word?,How would you spell this word?,How would you spell this word?,How would you spell this word?,How would you spell this word?,How would you spell this word?,How would you spell this word?,How would you spell this word?,How would you spell this word?,How would you spell this word?,How would you spell this word?,How would you spell this word?,How would you spell this word?,How would you spell this word?,How would you spell this word?,How would you spell this word?,How would you spell this word?,How would you spell this word?,How would you spell this word?,How would you spell this word?,How would you spell this word?,How would you spell this word?,How would you spell this word?,How would you spell this word?,How would you spell this word?,How would you spell this word?,How would you spell this word?,How would you spell this word?,How would you spell this word?,How would you spell this word?,How would you spell this word?,How would you spell this word?,How would you spell this word?,How would you spell this word?,How would you spell this word?,How would you spell this word?,How would you spell this word?,How would you spell this word?,How would you spell this word?,How would you spell this word?,How would you spell this word?,How would you spell this word?,How would you spell this word?,How would you spell this word?,How would you spell this word?,How would you spell this word?,How would you spell this word?,How would you spell this word?,How would you spell this word?,How would you spell this word?,How would you spell this word?,How would you spell this word?,How would you spell this word?,How would you spell this word?,How would you spell this word?,How would you spell this word?,How would you spell this word?,How would you spell this word?,How would you spell this word?,How would you spell this word?,How would you spell this word?,How would you spell this word?,How would you spell this word?,How would you spell this word?,How would you spell this word?,How would you spell this word?,How would you spell this word?,How would you spell this word?,Now for part two. You can forget the alien audio scenario for this part. Please listen to the following sentences and answer the subsequent question.,Click to write the question text,Does this individual pronounce the 'r' in mister?,Does this individual pronounce the 'r' in another?,Does this individual pronounce the 'r' in Tyler?,Does this individual pronounce the 'r' in summer?,Does this individual pronounce the 'r' in shoulder?,Does this individual pronounce the 'r' in October?,Does this individual pronounce the 'r' in other?,Does this individual pronounce the 'r' in years?,Does this individual pronounce the 'r' in underneath?,Does this individual pronounce the 'r' in years?,Does this individual pronounce the 'r' in car?,Does this individual pronounce the 'r' in hour?,Does this individual pronounce the 'r' in car?,Does this individual pronounce the second 'r' in regular?,Does this individual pronounce the 'r' in mother?,Does this individual pronounce the 'r' in for?,Does this individual pronounce the 'r' in other?,Does this individual pronounce the 'r' in worse?,Does this individual pronounce the 'r' in for?,Does this individual pronounce the 'r' in bar?,Does this individual pronounce the 'r' in anywhere?,Does this individual pronounce the 'r' in theater?,Does this individual pronounce the 'r' in father?,Does this individual pronounce the 'r' in commuter?,Does this individual pronounce the 'r' in park?,Does this individual pronounce the 'r' in sweaters (1st time)?,Does this individual pronounce the 'r' in air?,Does this individual pronounce the 'r' in disaster?,Does this individual pronounce the 'r' in starts?,Does this individual pronounce the 'r' in before?,Does this individual pronounce the 'r' in mother?,Does this individual pronounce the 'r' in Hardigan?,Does this individual pronounce the 'r' in courthouse?,Does this individual pronounce the 'r' in tour?,Does this individual pronounce an 'r' at the end of Alaina ?,Did you recognize any of the voices in this study?
"{""ImportId"":""startDate"",""timeZone"":""America/Denver""}","{""ImportId"":""endDate"",""timeZone"":""America/Denver""}","{""ImportId"":""status""}","{""ImportId"":""ipAddress""}","{""ImportId"":""progress""}","{""ImportId"":""duration""}","{""ImportId"":""finished""}","{""ImportId"":""recordedDate"",""timeZone"":""America/Denver""}","{""ImportId"":""_recordId""}","{""ImportId"":""recipientLastName""}","{""ImportId"":""recipientFirstName""}","{""ImportId"":""recipientEmail""}","{""ImportId"":""externalDataReference""}","{""ImportId"":""locationLatitude""}","{""ImportId"":""locationLongitude""}","{""ImportId"":""distributionChannel""}","{""ImportId"":""userLanguage""}","{""ImportId"":""QID139""}","{""ImportId"":""QID5""}","{""ImportId"":""QID5_8_TEXT""}","{""ImportId"":""QID5_9_TEXT""}","{""ImportId"":""QID136_TEXT""}","{""ImportId"":""QID143""}","{""ImportId"":""QID143_2_TEXT""}","{""ImportId"":""QID143_3_TEXT""}","{""ImportId"":""QID137_TEXT""}","{""ImportId"":""QID144""}","{""ImportId"":""QID1""}","{""ImportId"":""QID3""}","{""ImportId"":""QID4""}","{""ImportId"":""QID6""}","{""ImportId"":""QID7""}","{""ImportId"":""QID8""}","{""ImportId"":""QID9""}","{""ImportId"":""QID10""}","{""ImportId"":""QID11""}","{""ImportId"":""QID12""}","{""ImportId"":""QID13""}","{""ImportId"":""QID14""}","{""ImportId"":""QID15""}","{""ImportId"":""QID16""}","{""ImportId"":""QID17""}","{""ImportId"":""QID19""}","{""ImportId"":""QID20""}","{""ImportId"":""QID21""}","{""ImportId"":""QID22""}","{""ImportId"":""QID23""}","{""ImportId"":""QID24""}","{""ImportId"":""QID25""}","{""ImportId"":""QID26""}","{""ImportId"":""QID27""}","{""ImportId"":""QID28""}","{""ImportId"":""QID29""}","{""ImportId"":""QID30""}","{""ImportId"":""QID31""}","{""ImportId"":""QID32""}","{""ImportId"":""QID33""}","{""ImportId"":""QID34""}","{""ImportId"":""QID35""}","{""ImportId"":""QID36""}","{""ImportId"":""QID37""}","{""ImportId"":""QID38""}","{""ImportId"":""QID39""}","{""ImportId"":""QID40""}","{""ImportId"":""QID41""}","{""ImportId"":""QID42""}","{""ImportId"":""QID43""}","{""ImportId"":""QID44""}","{""ImportId"":""QID45""}","{""ImportId"":""QID46""}","{""ImportId"":""QID47""}","{""ImportId"":""QID48""}","{""ImportId"":""QID49""}","{""ImportId"":""QID50""}","{""ImportId"":""QID51""}","{""ImportId"":""QID52""}","{""ImportId"":""QID53""}","{""ImportId"":""QID54""}","{""ImportId"":""QID55""}","{""ImportId"":""QID56""}","{""ImportId"":""QID57""}","{""ImportId"":""QID58""}","{""ImportId"":""QID59""}","{""ImportId"":""QID60""}","{""ImportId"":""QID61""}","{""ImportId"":""QID62""}","{""ImportId"":""QID63""}","{""ImportId"":""QID64""}","{""ImportId"":""QID65""}","{""ImportId"":""QID66""}","{""ImportId"":""QID67""}","{""ImportId"":""QID68""}","{""ImportId"":""QID69""}","{""ImportId"":""QID70""}","{""ImportId"":""QID71""}","{""ImportId"":""QID72""}","{""ImportId"":""QID73""}","{""ImportId"":""QID74""}","{""ImportId"":""QID75""}","{""ImportId"":""QID76""}","{""ImportId"":""QID77""}","{""ImportId"":""QID78""}","{""ImportId"":""QID79""}","{""ImportId"":""QID80""}","{""ImportId"":""QID81""}","{""ImportId"":""QID82""}","{""ImportId"":""QID83""}","{""ImportId"":""QID145""}","{""ImportId"":""QID140""}","{""ImportId"":""QID84""}","{""ImportId"":""QID142""}","{""ImportId"":""QID85""}","{""ImportId"":""QID98""}","{""ImportId"":""QID86""}","{""ImportId"":""QID87""}","{""ImportId"":""QID88""}","{""ImportId"":""QID89""}","{""ImportId"":""QID90""}","{""ImportId"":""QID91""}","{""ImportId"":""QID92""}","{""ImportId"":""QID93""}","{""ImportId"":""QID94""}","{""ImportId"":""QID95""}","{""ImportId"":""QID96""}","{""ImportId"":""QID125""}","{""ImportId"":""QID127""}","{""ImportId"":""QID126""}","{""ImportId"":""QID128""}","{""ImportId"":""QID129""}","{""ImportId"":""QID130""}","{""ImportId"":""QID131""}","{""ImportId"":""QID132""}","{""ImportId"":""QID133""}","{""ImportId"":""QID134""}","{""ImportId"":""QID102""}","{""ImportId"":""QID99""}","{""ImportId"":""QID100""}","{""ImportId"":""QID113""}","{""ImportId"":""QID101""}","{""ImportId"":""QID104""}","{""ImportId"":""QID106""}","{""ImportId"":""QID107""}","{""ImportId"":""QID108""}","{""ImportId"":""QID109""}","{""ImportId"":""QID141""}"
2019-03-20 16:50:00,2019-03-20 16:50:46,1,,100,46,1,2019-03-20 16:50:46,R_2tyQLD1gFeoi9aC,,,,,37.8737945556640625,-122.2548980712890625,preview,EN,,,,,,,,,,,1,2,2,,,,,,,,,,,,,,,,,,,,,,,,,,,,,,,,,,,,,,,,,,,,,,,,,,,,,,,,,,,,,,,,,,,,,,,,,,,,,,,,,,,,,,,,,,,,,,,,,,,,,,,,,,,,,,,,,,,
2019-04-03 15:51:49,2019-04-03 16:06:12,1,,100,863,1,2019-04-03 16:06:14,R_3hm88sJfrqS9fEP,,,,,37.86639404296875,-122.2570037841796875,preview,EN,1,1,,,22,,,,"yes - major ",,1,2,2,1,1,1,1,1,1,2,1,2,1,1,2,1,2,1,2,2,1,1,1,2,1,2,1,2,2,1,2,1,1,2,1,1,2,1,2,1,1,2,2,1,2,1,2,1,1,1,2,1,1,2,2,1,1,2,1,1,2,1,2,2,1,2,1,1,1,1,1,2,2,1,2,1,2,1,1,1,,1,1,,2,1,1,1,2,2,1,1,1,1,2,2,1,2,2,1,2,,2,1,2,1,2,1,2,1,,,1,2,2,1,,
2019-04-06 11:37:01,2019-04-06 11:52:16,0,76.210.137.200,100,915,1,2019-04-06 11:52:17,R_1jTgG3U8AebIJia,,,,,37.9416961669921875,-122.32379913330078125,anonymous,EN,1,7,,,38,,,,yes,,1,2,1,1,1,1,1,2,1,2,1,2,2,1,1,2,2,2,2,2,2,1,1,2,2,2,2,2,2,1,2,1,2,1,1,2,2,1,1,1,1,2,2,1,1,2,2,2,2,1,2,1,2,2,2,2,1,2,1,1,1,1,1,2,2,2,1,1,1,1,1,2,2,1,1,1,2,1,1,1,,1,2,,1,2,1,1,2,2,1,1,2,1,2,2,1,2,2,1,2,1,1,2,2,1,2,2,2,1,2,2,1,2,2,2,1,
2019-04-08 13:43:35,2019-04-08 13:58:46,0,136.152.143.142,100,910,1,2019-04-08 13:58:46,R_3fyocno9SZdXZW9,,,,,37.8737945556640625,-122.2548980712890625,anonymous,EN,1,9,,Midwest/Southeast,24,1,,,No,,1,2,1,1,1,1,1,1,1,2,2,2,2,1,1,2,2,2,1,2,1,2,1,2,1,2,2,1,1,2,2,1,2,2,1,1,2,2,2,1,1,1,2,1,2,1,1,2,1,1,2,1,1,2,1,1,2,1,1,1,1,1,1,1,2,2,2,1,2,1,1,2,2,1,2,2,1,1,1,1,,1,1,1,1,1,1,1,1,1,1,2,1,1,1,1,2,1,1,1,2,1,1,2,2,1,2,2,2,1,1,1,1,2,2,1,1,3
2019-04-08 18:37:08,2019-04-08 18:49:09,0,136.152.143.48,100,720,1,2019-04-08 18:49:09,R_1E4LZRzmh4Vld5R,,,,,37.8737945556640625,-122.2548980712890625,anonymous,EN,1,8,,,21,3,,French and English,No,,1,2,2,1,1,1,1,2,1,1,1,2,1,1,2,1,2,2,1,2,1,2,1,2,1,2,2,2,2,1,2,1,1,1,1,1,1,1,1,1,1,2,2,1,2,1,2,1,1,1,1,2,1,2,1,2,2,1,1,1,1,1,1,2,2,2,2,1,2,1,1,1,2,1,1,1,1,1,2,1,,1,2,1,2,2,1,1,2,1,1,1,2,1,2,2,1,2,2,1,2,1,2,2,2,1,2,1,2,1,1,1,1,2,1,1,1,3
2019-04-08 20:25:40,2019-04-08 20:41:36,0,140.104.193.58,100,956,1,2019-04-08 20:41:37,R_2wH86ASM4jXM0NK,,,,,43.0005950927734375,-88.220001220703125,anonymous,EN,1,1,,,20,1,,,My sister talks about it.,,2,2,1,1,1,1,,2,2,1,1,2,1,1,1,1,2,2,2,1,2,2,1,1,1,1,2,2,2,2,2,1,1,2,1,1,2,1,2,1,1,2,2,1,2,2,1,2,2,1,2,2,1,2,1,1,1,1,1,1,2,1,1,1,2,1,1,1,2,1,1,1,2,1,1,2,1,1,2,1,,1,2,1,1,1,1,1,2,1,2,1,2,1,2,1,1,1,1,1,1,2,1,1,1,1,2,1,2,1,1,1,1,1,1,1,2,1
2019-04-10 10:50:04,2019-04-10 11:01:11,0,136.25.24.192,100,667,1,2019-04-10 11:01:13,R_33wFWitm7AaVZxF,,,,,37.8083953857421875,-122.28459930419921875,anonymous,EN,1,7,,,25,1,,,little,1,1,2,1,1,2,1,1,2,1,2,1,2,2,1,2,2,2,1,1,1,1,1,1,2,1,1,1,1,2,2,2,1,1,1,1,2,2,1,1,1,1,1,2,1,2,1,2,2,1,1,1,1,1,1,1,2,1,1,2,1,2,1,1,1,2,2,2,1,2,1,1,1,2,1,1,2,2,1,2,1,1,1,1,1,2,2,1,1,1,2,2,1,2,1,2,1,1,2,1,2,2,2,1,2,2,1,2,2,2,2,2,2,1,2,2,2,2,4
2019-04-10 10:49:47,2019-04-10 11:07:56,0,107.77.198.160,100,1089,1,2019-04-10 11:07:57,R_sLrhCiTlKurcEOl,,,,,32.804595947265625,-97.19370269775390625,anonymous,EN,1,6,,,44,1,,,I’m not sure,1,1,2,2,1,1,1,1,2,1,2,1,2,1,1,1,2,2,2,2,2,2,2,1,2,2,2,1,2,1,2,2,1,2,2,1,1,2,1,2,1,2,2,2,1,1,1,1,2,2,1,2,1,1,2,1,2,2,1,1,1,1,1,2,1,2,2,2,2,2,1,1,1,2,1,1,1,2,1,1,1,1,1,1,1,1,2,1,1,1,1,1,1,2,1,2,1,1,2,1,1,2,2,2,2,2,1,2,2,2,1,2,2,1,2,2,1,2,4
2019-04-10 10:58:15,2019-04-10 11:18:31,0,216.15.59.229,100,1216,1,2019-04-10 11:18:33,R_3ISLsGzhvDLLpkm,,,,,38.917205810546875,-77.07089996337890625,anonymous,EN,1,6,,,21,3,,English and French,I took a language and medicine class in the linguistics department during sophomore year but otherwise no.,1,1,2,2,1,1,1,1,1,1,2,1,2,2,1,1,2,2,2,2,2,2,2,1,1,1,2,2,2,2,2,2,1,2,2,1,1,2,1,2,1,1,2,2,1,2,1,1,2,1,1,1,1,1,2,1,1,1,1,1,1,1,1,1,1,2,2,2,1,2,1,1,1,2,1,1,2,2,1,2,1,1,1,1,1,1,1,1,1,1,1,1,1,2,1,2,1,1,2,1,1,1,2,1,2,1,1,2,1,2,1,2,1,1,2,1,1,2,3
2019-04-10 11:00:24,2019-04-10 11:19:29,0,99.229.212.114,100,1145,1,2019-04-10 11:19:30,R_1EiyOpnl3TBOPmZ,,,,,43.654693603515625,-79.36229705810546875,anonymous,EN,1,6,,,22,1,,,yes,1,1,2,2,1,1,1,2,2,1,2,2,2,2,1,2,2,2,2,2,2,1,1,1,2,1,2,1,2,1,2,2,1,2,1,1,1,2,1,2,1,1,2,2,1,2,1,1,2,2,1,1,1,1,2,2,2,2,1,2,1,1,2,1,1,2,2,2,1,2,1,1,1,2,1,1,1,1,1,2,1,1,1,2,1,1,1,1,1,1,1,2,1,2,1,2,2,2,1,1,1,2,2,1,2,2,1,2,2,2,1,2,2,1,2,1,1,1,4
2019-04-10 11:13:02,2019-04-10 11:30:50,0,4.14.110.250,100,1068,1,2019-04-10 11:30:51,R_3paPHlEsCpIRFUr,,,,,37.795806884765625,-122.4203033447265625,anonymous,EN,1,5,,,28,1,,,Intro college courses,1,1,2,1,1,1,1,1,2,2,1,1,2,2,1,1,1,2,2,1,1,1,2,1,1,2,2,1,1,1,2,2,2,2,1,1,1,2,1,2,1,2,1,1,1,2,1,1,2,1,2,1,1,1,2,1,1,1,1,1,1,1,1,1,1,2,2,2,1,2,2,1,2,2,1,2,2,2,1,1,1,1,1,2,1,1,2,1,1,2,1,1,1,2,1,2,2,1,1,2,2,1,2,2,2,2,1,2,1,2,1,2,2,1,2,2,1,2,4
2019-04-10 11:39:37,2019-04-10 11:53:45,0,73.192.250.98,100,848,1,2019-04-10 11:53:46,R_27rjptOeNFyhJsM,,,,,36.861297607421875,-119.76689910888671875,anonymous,EN,1,7,,,22,1,,,"If Japanese and Classical Language Studies count, then maybe!",1,2,2,2,1,1,1,1,2,1,2,2,2,1,1,1,2,2,2,2,2,1,2,1,2,1,2,1,1,1,2,2,1,2,1,1,1,2,1,1,1,1,2,2,1,2,1,2,2,1,1,1,1,1,2,1,2,1,1,1,1,1,1,2,1,2,2,1,1,2,1,1,2,2,1,2,2,1,1,2,1,1,1,2,1,1,1,1,1,1,2,1,1,1,1,1,2,1,1,1,1,2,1,1,2,2,1,2,1,1,1,1,2,1,1,1,2,2,5
2019-04-10 11:06:58,2019-04-10 12:16:36,0,134.173.204.101,100,4178,1,2019-04-10 12:16:37,R_aWbrfpQx0t4UUlb,,,,,34.109100341796875,-117.7126007080078125,anonymous,EN,1,6,,,19,3,,English and French,No,1,1,2,1,1,1,1,2,2,1,2,1,2,2,1,1,1,2,1,1,1,2,2,1,2,1,2,2,1,1,1,2,1,2,2,1,2,2,1,2,1,1,1,2,1,1,2,2,1,1,1,1,1,1,2,1,1,2,1,1,1,1,1,2,1,2,2,1,1,2,2,1,2,2,1,1,2,1,1,2,1,1,1,2,1,1,1,1,1,1,1,1,1,1,1,1,1,1,1,2,2,1,1,1,1,2,1,1,2,2,1,2,1,1,2,1,1,1,5
2019-04-10 12:17:04,2019-04-10 12:40:59,0,69.56.109.252,100,1434,1,2019-04-10 12:41:00,R_3EBbTWbxfkqhedu,,,,,47.0045928955078125,-120.506805419921875,anonymous,EN,1,6,,,25,1,,,No,1,1,2,1,1,1,1,1,2,1,2,1,2,2,1,1,2,2,1,1,1,2,2,1,2,2,2,1,2,1,1,2,1,2,1,1,2,2,1,1,2,1,2,1,1,2,2,2,2,2,1,2,1,1,2,1,2,1,2,1,1,1,1,1,2,2,2,1,1,2,1,1,1,2,1,1,2,2,1,1,1,1,1,1,1,1,2,1,1,1,1,1,1,2,1,2,2,2,1,1,1,1,2,1,2,2,1,2,1,2,1,2,1,1,2,1,1,1,5
2019-04-10 12:36:56,2019-04-10 12:51:17,0,207.172.69.134,100,861,1,2019-04-10 12:51:18,R_1N5rQgL96iuxnGj,,,,,42.34979248046875,-71.07649993896484375,anonymous,EN,1,1,,,39,1,,,no,1,1,2,1,1,1,1,1,1,2,2,1,2,2,1,1,2,2,2,1,2,1,2,1,2,2,2,1,1,1,2,2,1,2,1,1,1,2,1,2,1,2,2,2,1,1,1,1,1,1,1,2,1,1,2,1,2,2,2,1,1,1,2,2,2,2,1,1,1,2,1,1,1,2,1,2,1,1,1,1,1,1,1,2,1,1,2,1,1,2,2,1,1,2,1,2,1,1,2,1,1,1,2,1,2,2,1,2,1,2,1,2,2,1,1,1,1,1,3
2019-04-10 14:02:54,2019-04-10 14:15:10,0,192.31.105.148,100,735,1,2019-04-10 14:15:11,R_bI5fvLmSDwTeqxX,,,,,37.8737945556640625,-122.2548980712890625,anonymous,EN,1,7,,,20,1,,,No,1,1,2,1,1,1,1,1,1,1,2,1,2,1,1,1,2,2,2,2,2,2,1,1,1,1,1,1,1,1,1,2,1,1,2,1,2,2,1,1,1,1,2,2,1,1,1,1,2,1,1,2,1,1,2,2,1,1,1,1,1,1,1,2,1,1,2,2,1,2,2,1,1,2,1,1,2,1,1,1,2,1,1,2,1,1,2,1,1,2,2,1,1,2,1,2,2,2,1,1,1,1,1,1,2,2,1,1,1,2,1,2,2,1,1,1,1,2,4
2019-04-10 14:11:23,2019-04-10 14:22:27,0,136.152.143.150,100,663,1,2019-04-10 14:22:28,R_3Olw4DOQXK7XTH2,,,,,37.8737945556640625,-122.2548980712890625,anonymous,EN,1,9,,"I grew up in France, Morocco, Mauritania, Senegal, Cambodia, and Denver (South West on your map)",29,3,,English and French,No,1,2,2,2,1,1,1,1,2,2,2,2,2,2,1,2,2,2,2,1,2,2,2,1,2,1,2,2,2,1,2,2,1,2,2,1,1,2,1,2,1,1,2,2,1,2,2,1,2,2,1,2,1,1,2,2,1,2,2,1,1,2,2,2,2,2,2,2,1,2,1,1,1,2,1,2,1,2,1,2,1,1,1,2,1,1,1,1,1,2,2,2,1,2,1,2,2,2,2,2,1,2,1,2,2,2,1,2,2,2,1,2,2,1,1,2,1,1,4
2019-04-10 14:18:16,2019-04-10 14:39:29,0,192.31.105.143,100,1273,1,2019-04-10 14:39:30,R_2ATOn8cSNL7uqH5,,,,,37.8737945556640625,-122.2548980712890625,anonymous,EN,1,4,,,30,1,,,No,1,2,2,2,2,1,1,1,2,1,1,2,2,1,1,1,2,2,2,2,2,1,2,1,2,1,2,2,2,1,2,2,1,2,2,1,1,2,1,2,1,1,2,2,1,2,2,1,2,2,1,2,1,1,2,2,2,1,1,1,1,1,1,1,1,2,2,2,1,2,1,1,2,2,1,2,2,1,1,2,1,1,1,2,1,1,1,1,1,1,1,2,1,2,1,2,2,1,2,1,1,2,1,1,2,2,1,2,1,1,1,2,1,1,2,1,1,2,4
2019-04-10 14:03:42,2019-04-10 14:50:21,0,98.244.251.104,100,2799,1,2019-04-10 14:50:22,R_338z5AzeKXTCqxX,,,,,28.903900146484375,-81.9969024658203125,anonymous,EN,1,1,,,68,1,,,No,1,1,2,1,2,1,1,1,1,2,2,2,2,2,2,1,2,2,2,2,1,2,2,1,2,2,1,2,1,1,1,1,1,2,2,1,2,2,2,2,1,1,1,1,2,2,2,2,2,2,2,1,1,1,2,1,2,1,2,1,1,2,1,2,2,1,1,2,2,1,1,2,1,2,1,1,1,2,1,2,2,1,1,1,1,2,2,1,1,2,1,2,1,2,1,2,2,2,2,2,1,1,2,1,2,2,1,2,1,2,2,1,2,1,1,2,1,2,3
2019-04-10 14:43:10,2019-04-10 15:05:37,0,68.108.249.151,100,1347,1,2019-04-10 15:05:39,R_e8LbKg0E5IENXA5,,,,,34.4264984130859375,-119.86309814453125,anonymous,EN,1,1,,,57 years,1,,,no,1,2,2,1,1,1,1,1,2,1,2,1,2,1,2,1,1,2,1,1,2,1,2,1,2,2,2,2,1,1,1,2,1,1,1,1,1,2,1,2,1,1,2,1,2,1,1,2,2,2,1,2,1,1,2,1,1,1,2,1,1,1,1,2,1,2,2,2,1,2,1,1,2,2,1,2,1,1,1,1,1,1,1,2,1,2,2,1,1,2,1,1,1,2,1,2,2,2,2,2,1,2,2,1,2,2,1,1,2,2,1,2,1,1,1,1,1,1,2
2019-04-10 14:56:00,2019-04-10 15:31:19,0,98.244.251.104,100,2119,1,2019-04-10 15:31:19,R_Y5q4T5y4XhwvASl,,,,,28.903900146484375,-81.9969024658203125,anonymous,EN,1,1,,,71,1,,,no,1,2,2,1,1,1,1,1,1,2,2,1,2,2,1,1,1,2,2,2,2,2,2,2,2,1,2,1,2,1,1,2,1,2,1,1,2,2,1,2,1,1,2,2,1,2,2,2,2,1,1,1,1,1,2,1,2,2,1,1,1,1,2,2,1,2,2,2,1,1,1,2,1,2,1,2,2,1,1,2,1,1,1,1,1,2,2,2,1,2,1,1,1,2,1,2,1,1,1,2,1,2,2,1,2,1,1,2,1,2,1,1,1,1,1,1,1,2,5
2019-04-10 15:55:54,2019-04-10 16:20:04,0,174.127.160.2,100,1449,1,2019-04-10 16:20:04,R_3MyD7y2BAl6o6QY,,,,,47.61309814453125,-122.20529937744140625,anonymous,EN,1,8,"toronto, ontario, canada",,58,1,,,I studied French in middle and high school. Also Latin in high school.,1,1,1,1,1,1,1,1,1,1,2,1,2,2,1,1,1,2,2,1,1,2,2,1,1,2,2,2,1,1,1,2,1,2,1,1,1,2,1,2,1,1,2,1,1,2,2,2,2,1,1,1,1,1,2,1,2,1,2,2,1,1,2,2,1,2,2,2,1,2,1,1,2,2,1,1,1,2,1,1,1,1,1,2,2,2,1,1,1,2,1,2,1,2,1,2,1,2,2,2,1,2,1,1,2,2,1,2,2,1,2,2,1,1,2,1,1,1,4
2019-04-10 16:21:48,2019-04-10 16:36:12,0,184.153.125.92,100,863,1,2019-04-10 16:36:12,R_1It9n8pf9CG3NVN,,,,,40.7465057373046875,-73.90899658203125,anonymous,EN,1,7,,,22,1,,,No,1,1,2,1,1,1,1,1,2,2,1,1,2,2,1,1,2,2,2,2,1,2,2,1,1,2,2,1,2,2,1,2,1,2,2,1,2,2,1,1,1,1,2,2,1,1,1,2,2,2,1,1,2,1,2,1,2,1,2,1,1,1,1,1,2,2,2,2,1,2,1,1,1,2,1,1,1,2,1,1,1,1,1,1,1,1,1,1,1,2,2,1,1,2,1,2,1,1,2,2,1,2,2,1,1,2,1,2,2,2,1,2,2,1,2,2,1,1,5
2019-04-10 17:18:05,2019-04-10 17:39:01,0,76.126.176.76,100,1256,1,2019-04-10 17:39:01,R_6AbcDki8w0jLMJ3,,,,,37.8917999267578125,-122.26039886474609375,anonymous,EN,1,9,,"NY (until 8) and Massachusetts ",30,3,,"English, Mandarin ",No,1,1,2,1,1,1,1,1,2,1,2,1,2,1,1,2,1,2,2,2,2,1,2,1,2,1,2,2,1,1,2,2,1,2,1,1,2,2,1,2,1,1,2,2,1,2,2,1,2,1,1,1,1,1,2,2,2,1,2,1,1,1,1,1,1,2,2,2,1,2,1,1,1,2,1,1,2,2,1,1,1,1,1,1,1,2,1,1,1,2,1,1,1,1,1,1,1,1,1,1,1,2,1,1,1,1,1,1,1,1,1,1,1,1,1,1,1,1,4
2019-04-10 17:41:13,2019-04-10 17:53:01,0,24.6.7.224,100,707,1,2019-04-10 17:53:02,R_BYu15GzcGad2Y1P,,,,,38.0081939697265625,-122.2682037353515625,anonymous,EN,,7,,,40,1,,,No,1,1,2,1,2,1,1,1,2,1,2,1,2,2,1,1,2,2,2,2,2,2,2,1,2,2,2,1,1,1,2,2,1,2,2,1,2,2,1,1,1,1,2,1,1,1,1,1,2,1,1,1,1,1,1,2,2,1,1,1,1,1,1,1,1,2,2,2,1,2,1,1,1,2,1,2,1,2,1,2,1,1,1,2,1,1,2,1,1,1,2,1,1,2,1,2,2,1,1,2,1,2,1,2,2,2,1,2,2,2,1,2,2,1,2,1,1,1,4
2019-04-10 17:53:01,2019-04-10 18:12:10,0,68.108.249.151,100,1149,1,2019-04-10 18:12:11,R_2CBaDn3IwpkSZpQ,,,,,34.4264984130859375,-119.86309814453125,anonymous,EN,1,2,,,63,1,,,No,1,2,2,1,1,1,1,1,2,1,1,1,2,2,1,1,1,2,1,1,2,1,2,1,1,1,2,1,1,1,1,2,1,2,2,1,2,2,1,1,1,2,1,2,1,1,2,1,2,1,1,1,1,1,2,2,1,1,1,1,1,1,1,2,1,2,2,2,1,2,1,1,2,2,1,2,2,2,1,2,2,1,1,2,2,1,1,1,1,1,2,1,1,2,1,2,1,1,1,1,1,1,1,1,2,1,1,2,2,2,1,1,1,1,2,1,1,2,2
2019-04-10 18:07:59,2019-04-10 18:20:25,0,160.39.125.43,100,746,1,2019-04-10 18:20:25,R_1gFpOYpwnQOFuys,,,,,40.8000030517578125,-73.9763031005859375,anonymous,EN,,9,,"North West, South West, West, Mid-Atlantic",22,3,,"Spanish, English",Not really.,1,2,2,2,2,1,1,1,2,1,2,1,2,2,1,2,2,2,2,1,1,2,1,2,1,1,2,1,1,2,2,2,1,2,2,1,1,2,1,2,1,2,2,2,1,1,1,1,2,2,1,2,1,1,2,1,1,2,1,1,1,1,1,2,1,2,2,1,1,2,1,1,2,2,1,1,1,2,1,2,1,1,1,1,1,1,2,1,1,2,2,1,1,2,1,2,2,2,1,1,1,2,1,1,1,2,1,2,2,1,1,1,1,1,2,2,1,1,4
2019-04-10 12:32:28,2019-04-10 18:36:48,0,73.68.172.229,100,21859,1,2019-04-10 18:36:48,R_UMHZVHZZ65zWqhr,,,,,42.246307373046875,-70.99720001220703125,anonymous,EN,1,1,,,17,1,,,"4th level Spanish in high school ",1,1,2,1,1,1,1,1,2,2,2,1,2,2,1,1,1,2,2,1,2,2,1,1,2,2,2,1,1,1,1,2,1,1,1,1,1,2,1,2,1,1,2,2,1,1,1,1,2,1,1,2,1,1,2,2,2,1,2,1,1,1,2,1,2,2,2,1,1,2,1,1,1,1,1,2,1,1,1,1,1,1,1,1,1,1,1,1,1,1,1,2,1,1,1,2,1,2,1,1,1,1,1,1,1,1,1,2,1,1,1,2,2,1,1,2,1,2,2
2019-04-10 18:15:54,2019-04-10 18:45:14,0,98.244.251.175,100,1759,1,2019-04-10 18:45:15,R_BzweUpBvm9LGsa5,,,,,28.903900146484375,-81.9969024658203125,anonymous,EN,1,1,,,70,1,,,No,1,1,1,2,2,1,1,1,2,2,2,1,2,2,1,1,1,2,2,2,1,2,1,2,2,2,2,2,1,2,1,2,1,2,2,2,1,2,2,1,1,1,2,1,1,1,2,1,2,2,2,1,1,2,1,1,2,2,1,2,1,1,2,2,2,2,2,1,2,2,2,2,1,2,1,2,2,1,1,1,2,1,,1,1,1,2,2,1,1,1,2,1,1,1,2,1,1,1,1,1,2,1,1,2,1,1,2,2,1,1,1,1,1,1,1,1,1,4
2019-04-10 16:48:16,2019-04-10 20:50:36,0,73.158.28.148,100,14540,1,2019-04-10 20:50:37,R_27Ek0PsN5qupoIv,,,,,37.9759979248046875,-122.33589935302734375,anonymous,EN,1,3,,,23,1,,,no,1,2,2,2,1,1,1,1,1,2,2,1,2,1,1,1,2,2,1,1,1,2,1,1,1,2,2,2,1,1,2,2,1,1,2,1,2,2,1,1,1,2,2,2,1,1,2,1,2,1,1,2,1,1,1,1,2,1,1,1,1,1,2,1,1,2,2,2,1,2,2,1,2,2,1,1,2,1,1,1,1,1,1,1,1,1,1,1,1,1,1,1,1,2,1,2,1,1,2,1,1,2,1,1,1,1,1,2,1,2,1,1,1,1,1,1,1,2,5
2019-04-10 20:21:19,2019-04-10 21:20:39,0,140.116.12.47,100,3560,1,2019-04-10 21:20:40,R_1pR8WMujOOYeNTK,,,,,25.0478057861328125,121.53179931640625,anonymous,EN,1,8,Taiwan,,23,3,,Mandarin; Taiwanese,"Yes, I'm a linguistic major with a strong interest in phonetics. ",1,2,2,1,1,1,1,1,1,2,2,1,2,1,2,2,2,2,1,2,1,1,1,2,2,1,2,2,1,1,2,2,1,2,2,1,1,1,2,2,1,1,2,2,1,1,2,1,2,1,1,2,1,1,2,2,2,2,2,1,1,2,1,2,1,2,2,2,1,2,2,1,1,2,1,2,1,1,1,1,1,1,1,2,1,1,1,1,1,1,1,1,1,2,1,2,1,1,2,1,1,2,1,1,2,2,1,2,2,2,1,2,2,1,1,2,1,2,5
2019-04-10 23:21:16,2019-04-10 23:35:13,0,76.126.176.76,100,836,1,2019-04-10 23:35:14,R_1NkooJOip3DcggP,,,,,37.8917999267578125,-122.26039886474609375,anonymous,EN,1,1,,,27,1,,,No,1,1,1,1,1,1,1,1,2,1,1,2,2,2,1,1,2,2,1,2,2,2,1,2,2,1,2,1,2,1,1,1,2,2,2,1,1,2,1,1,1,2,2,1,1,2,1,1,1,1,1,2,2,1,1,1,1,1,1,1,1,2,2,1,1,2,2,2,1,2,1,1,1,2,1,1,2,1,1,1,1,1,1,2,1,1,2,1,1,2,1,1,1,2,1,2,2,2,1,2,1,1,1,2,2,2,1,2,2,2,1,2,1,1,1,1,1,2,4
2019-04-11 06:09:31,2019-04-11 06:45:36,0,174.63.102.166,100,2164,1,2019-04-11 06:45:36,R_9RXOhd2WVrag4yl,,,,,44.4512939453125,-73.17960357666015625,anonymous,EN,1,1,,,64,1,,,no,1,1,2,1,1,1,1,1,2,1,2,2,2,2,1,2,2,2,1,2,2,2,1,1,2,1,2,2,2,1,1,2,2,2,2,1,2,2,1,2,1,2,2,1,2,1,2,1,2,2,1,2,1,1,2,2,2,2,1,1,1,1,2,2,1,2,2,1,2,2,1,1,2,2,1,2,2,2,1,2,1,1,1,1,1,1,1,1,1,1,2,1,1,2,1,2,1,2,1,1,1,1,2,1,2,2,1,2,1,1,1,1,2,1,2,1,1,2,4
2019-04-10 15:03:22,2019-04-11 10:19:43,0,136.152.143.4,100,69380,1,2019-04-11 10:19:43,R_OlCjxcpFMlKhwYx,,,,,37.8737945556640625,-122.2548980712890625,anonymous,EN,1,2,,,26,1,,,No,1,1,2,1,2,1,1,1,2,2,2,1,2,2,1,1,1,2,2,1,2,1,1,1,2,2,2,2,1,1,1,2,1,1,2,1,2,2,1,1,1,1,2,2,1,1,1,1,1,2,2,1,2,1,2,1,2,1,1,2,1,1,2,2,1,2,2,1,1,2,1,1,1,2,1,2,2,2,1,1,1,1,1,2,1,1,2,1,1,2,1,1,1,2,1,2,1,1,2,1,1,2,2,2,2,2,1,2,2,2,1,2,2,1,2,2,1,2,4
2019-04-10 15:55:13,2019-04-11 10:30:48,0,66.117.140.46,100,66934,1,2019-04-11 10:30:49,R_vuxJ8eMrLKjyHFD,,,,,37.865997314453125,-122.25689697265625,anonymous,EN,,,,,,,,,,,,,,,,,,,,,,,,,,,,,,,,,,,,,,,,,,,,,,,,,,,,,,,,,,,,,,,,,,,,,,,,,,,,,,,,,,,,,,,,,,,,,,,,,,,,,,,,,,,,,,,,,,,,,,,,,,,,,,,,
2019-04-11 12:42:03,2019-04-11 13:01:44,0,136.152.143.68,100,1180,1,2019-04-11 13:01:45,R_PYaibObwDRv7rO1,,,,,37.8737945556640625,-122.2548980712890625,anonymous,EN,1,7,,,24,1,,,No,1,2,2,1,2,1,1,2,1,1,2,2,2,2,1,1,2,2,1,1,2,1,2,1,1,1,2,2,1,1,2,2,1,2,1,1,2,2,1,2,1,1,2,1,1,2,2,1,2,2,2,1,1,1,2,1,2,1,2,2,1,2,1,1,2,2,2,1,1,2,1,1,2,2,1,1,1,1,1,2,1,1,1,2,1,1,1,2,1,2,1,2,1,2,1,2,2,2,2,1,2,2,2,1,1,2,1,1,2,2,1,1,2,1,2,2,2,1,4
2019-04-11 14:58:38,2019-04-11 15:23:58,0,209.104.245.141,100,1520,1,2019-04-11 15:23:59,R_2t3Cm3el8MQhxo1,,,,,42.246307373046875,-70.99720001220703125,anonymous,EN,1,1,,,45,1,,,No,1,2,1,2,2,1,1,1,2,2,2,1,2,2,1,1,2,2,2,1,2,1,2,1,2,2,1,1,2,1,2,2,1,1,1,1,1,2,2,2,1,1,2,1,1,2,2,2,2,1,1,2,1,1,2,2,2,2,1,2,1,1,1,2,1,2,2,2,1,2,1,1,2,2,1,1,2,2,1,1,1,1,1,1,1,2,2,1,1,2,1,1,1,2,1,1,1,1,1,1,1,2,1,2,2,1,1,1,2,1,1,1,1,2,1,1,1,2,3
2019-04-11 15:16:24,2019-04-11 15:29:12,0,136.152.143.47,100,767,1,2019-04-11 15:29:13,R_SQ5ECxr9tqjIMlX,,,,,37.8737945556640625,-122.2548980712890625,anonymous,EN,1,7,,,23,1,,,Minor,1,1,2,1,1,1,1,1,1,1,2,2,2,2,2,1,2,2,2,2,2,1,2,1,1,2,2,2,1,1,1,2,1,2,1,1,2,2,2,1,1,1,2,1,1,2,1,1,2,1,1,2,1,1,2,2,1,2,2,2,1,1,1,1,1,2,2,1,1,2,1,1,2,2,1,1,1,1,1,1,2,1,1,2,1,1,1,1,1,2,1,1,1,2,1,2,2,2,2,1,1,1,2,1,2,2,1,2,1,2,1,1,2,1,2,1,1,1,4
2019-04-11 16:23:32,2019-04-11 16:57:26,0,89.180.205.206,100,2034,1,2019-04-11 16:57:27,R_1Ky795fo3j7RxRR,,,,,38.7174072265625,-9.1320953369140625,anonymous,EN,,8,Ireland,,60s,1,,,Some,1,1,1,1,2,2,1,1,1,2,2,1,2,2,1,2,2,1,1,1,1,1,1,2,1,2,2,1,1,1,2,2,1,1,2,1,1,2,2,1,1,,2,2,1,1,1,1,2,1,1,2,1,1,2,2,2,1,1,1,1,1,2,2,1,2,2,1,2,2,2,1,2,2,1,1,2,1,2,1,1,1,1,2,1,2,1,2,1,2,1,2,1,2,1,2,1,1,1,2,1,2,1,2,1,1,1,1,2,2,1,1,1,1,1,1,2,2,5
2019-04-11 20:13:14,2019-04-11 20:34:27,0,68.108.249.151,100,1272,1,2019-04-11 20:34:28,R_1GJjSQ29HprBUbp,,,,,34.4264984130859375,-119.86309814453125,anonymous,EN,1,6,,,13 years old,1,,,No,1,1,2,2,1,1,1,2,2,2,2,1,2,1,1,1,1,2,1,2,1,2,1,1,1,1,2,2,1,1,1,2,1,2,2,1,1,2,1,2,1,1,2,2,1,2,2,2,2,2,1,1,1,1,2,1,2,1,2,1,1,1,2,2,1,2,2,2,1,2,1,1,2,2,1,1,1,2,1,2,1,1,1,1,1,1,1,,1,1,1,1,1,2,1,2,2,1,1,1,1,1,1,2,2,1,1,2,2,1,1,1,2,1,1,2,1,1,1
2019-04-11 22:20:33,2019-04-11 22:32:24,0,71.202.183.137,100,711,1,2019-04-11 22:32:24,R_5vtXGL1y9WYRAvT,,,,,37.8784027099609375,-122.2655029296875,anonymous,EN,1,7,,,21,1,,,Not really no,1,1,2,1,1,1,1,1,1,2,2,1,2,2,1,1,1,2,2,2,2,2,2,1,2,2,2,1,1,1,1,2,1,2,1,1,2,2,1,2,1,1,2,1,1,2,1,2,2,2,1,2,2,1,2,2,1,2,1,1,1,1,2,2,2,2,2,2,1,2,1,1,2,2,1,1,1,1,1,1,1,1,1,1,1,1,1,1,1,1,1,1,1,1,1,1,1,1,1,1,1,1,1,1,2,1,1,1,1,2,1,1,1,1,1,1,1,1,5
2019-04-11 23:14:20,2019-04-11 23:29:20,0,114.142.251.130,100,900,1,2019-04-11 23:29:21,R_10NOz4VwyisQPjP,,,,,13.444305419921875,144.786285400390625,anonymous,EN,1,9,,Ireland & Northeast,33,1,,,No,1,2,2,1,1,1,1,1,2,1,2,1,2,2,1,1,1,2,1,1,2,2,1,1,2,2,2,2,1,1,2,2,1,2,2,1,2,2,2,1,1,2,1,1,1,2,2,2,1,2,1,2,1,1,2,1,2,2,1,1,1,1,1,2,1,2,2,2,1,2,1,1,1,2,1,1,1,2,1,2,1,1,1,2,1,2,2,1,1,1,2,2,1,2,1,2,2,,2,1,2,1,2,2,1,2,1,2,1,2,1,2,1,1,2,2,1,1,5
2019-04-12 07:45:46,2019-04-12 08:13:01,0,108.12.199.103,100,1635,1,2019-04-12 08:13:01,R_28N7IzkpoElhWAO,,,,,41.948394775390625,-71.41539764404296875,anonymous,EN,1,9,,"Lisbon Portugal 0-11yrs, northeast from age 11 on",38,2,Portuguese,,No,1,2,2,1,1,1,1,1,2,2,1,1,2,1,1,1,2,2,2,2,2,2,2,1,1,1,2,2,1,1,2,2,1,2,2,1,1,2,2,2,1,2,1,2,1,2,2,2,1,1,1,1,1,1,2,2,2,2,1,1,1,1,2,2,1,2,2,2,1,2,1,1,2,2,1,1,1,2,1,1,1,1,1,1,1,1,1,1,1,1,1,1,1,1,1,1,1,1,1,1,1,1,1,1,1,1,1,1,1,2,1,1,1,1,1,1,1,2,2
2019-04-12 09:00:47,2019-04-12 09:42:34,0,73.49.37.103,100,2506,1,2019-04-12 09:42:34,R_3qWFcfEBmllbX1s,,,,,26.138702392578125,-80.12180328369140625,anonymous,EN,1,1,,,59,1,,,no,1,2,2,1,1,2,1,1,1,1,1,2,2,1,1,1,1,2,1,1,2,2,2,1,2,2,2,2,1,1,1,2,1,2,2,1,1,2,1,1,1,1,2,2,1,2,1,2,2,1,1,2,1,1,2,2,1,2,1,1,1,1,1,2,1,2,2,2,1,1,1,1,1,2,1,2,1,1,1,1,2,1,1,1,1,1,2,1,1,1,1,2,1,2,1,2,2,2,1,2,1,2,1,1,2,1,1,1,1,2,2,1,2,1,2,1,1,1,2
2019-04-12 10:45:52,2019-04-12 10:46:17,0,66.117.140.46,100,25,1,2019-04-12 10:46:18,R_1gGD6wfGr1g5RnY,,,,,37.865997314453125,-122.25689697265625,anonymous,EN,,,,,,,,,,,,,,,,,,,,,,,,,,,,,,,,,,,,,,,,,,,,,,,,,,,,,,,,,,,,,,,,,,,,,,,,,,,,,,,,,,,,,,,,,,,,,,,,,,,,,,,,,,,,,,,,,,,,,,,,,,,,,,,,
2019-04-12 11:22:07,2019-04-12 11:37:50,0,50.237.139.42,100,942,1,2019-04-12 11:37:51,R_3OiSoj61C7yaAGj,,,,,41.66009521484375,-70.29669952392578125,anonymous,EN,1,1,,,61,1,,,No,1,2,2,1,2,1,1,1,2,1,2,2,2,1,1,1,1,2,2,1,2,1,1,1,1,2,2,1,1,1,1,2,1,1,2,1,2,2,1,1,1,2,1,1,2,2,2,1,2,2,1,2,2,1,2,1,2,2,1,1,1,1,2,2,1,2,1,2,1,1,1,1,1,,1,1,2,2,1,1,1,1,1,1,1,1,1,2,1,1,1,1,1,1,2,2,1,1,1,1,1,1,1,1,2,1,1,1,1,1,2,1,1,1,1,1,1,1,2
2019-04-12 11:26:40,2019-04-12 11:42:14,0,24.91.97.198,100,934,1,2019-04-12 11:42:15,R_1req54xhuPsokm7,,,,,42.11669921875,-70.9542999267578125,anonymous,EN,1,4,,,32,1,,,"Yes, I took a few linguistic course in undergrad and in graduate school",1,2,1,1,2,1,1,1,1,1,2,1,2,1,1,1,1,1,1,2,1,2,2,1,2,1,1,2,2,1,1,1,1,1,1,1,1,2,1,2,1,1,2,2,1,2,1,2,2,2,1,1,1,2,2,1,1,2,2,1,1,2,1,2,1,2,2,1,1,1,1,2,2,2,1,1,2,1,1,2,2,1,1,2,2,1,2,2,1,2,2,2,2,2,1,2,2,2,2,1,2,2,2,2,2,2,2,1,2,2,2,2,2,1,1,2,2,1,2
2019-04-12 14:13:42,2019-04-12 14:33:14,0,24.2.153.9,100,1172,1,2019-04-12 14:33:15,R_VOsxAqnbSXGaihb,,,,,44.5359954833984375,-73.20220184326171875,anonymous,EN,1,5,,,36,1,,,Yes,1,2,2,1,1,1,1,1,2,1,2,1,2,2,1,1,2,2,2,1,2,2,1,1,1,2,1,1,1,2,2,2,1,2,1,1,2,2,1,1,1,1,2,2,1,1,1,1,2,2,1,1,2,1,2,1,1,2,1,1,1,2,2,2,1,2,2,2,1,2,1,1,2,2,1,1,1,1,1,1,1,1,1,2,1,2,1,1,1,2,2,1,1,2,1,2,2,1,2,1,1,2,1,1,2,2,1,2,1,2,1,2,2,1,2,2,1,2,4
2019-04-12 13:54:32,2019-04-12 14:33:43,0,81.185.162.38,100,2350,1,2019-04-12 14:33:43,R_3HtfzmaKwYmFhkb,,,,,43.6045989990234375,1.445098876953125,anonymous,EN,,8,France,,22,2,"French ",,"Yes ",1,1,2,1,1,1,1,1,1,1,2,1,2,2,1,2,1,2,1,2,1,1,2,1,1,1,2,2,2,1,1,2,1,1,2,1,2,2,1,1,1,1,2,1,2,2,1,2,1,1,1,2,1,1,2,2,2,1,1,1,1,1,1,2,1,2,2,1,1,2,2,1,1,2,1,2,2,2,1,2,1,1,1,1,2,1,2,1,1,2,1,1,1,2,1,2,1,1,1,2,1,2,1,1,2,2,1,1,2,2,1,1,2,2,2,2,2,1,4
2019-04-12 14:35:23,2019-04-12 14:48:52,0,96.39.148.120,100,809,1,2019-04-12 14:48:53,R_2OUvMvajiuMznAM,,,,,46.0594024658203125,-118.3361053466796875,anonymous,EN,1,6,,,22,1,,,Very little: some linguistic anthropology,1,1,2,2,1,1,1,1,1,2,2,1,2,1,1,1,2,2,2,2,2,1,2,1,2,2,2,2,2,1,2,2,1,2,2,1,2,2,1,1,1,1,2,2,1,2,1,1,2,2,1,1,1,1,2,1,1,2,1,2,1,1,1,1,1,2,2,2,1,2,1,1,1,2,1,1,2,2,1,1,1,1,1,2,1,1,2,1,1,2,2,1,1,2,1,2,2,2,2,2,1,2,1,2,2,2,1,2,2,2,1,2,2,1,2,2,1,2,4
2019-04-13 19:32:59,2019-04-13 19:55:39,0,73.93.143.32,100,1360,1,2019-04-13 19:55:40,R_AMctZJ0mkQBs5P3,,,,,37.779998779296875,-122.464996337890625,anonymous,EN,1,7,,,21,1,,,No,1,1,2,1,1,1,1,1,2,2,2,1,2,2,1,1,1,2,2,2,1,2,1,1,1,2,2,1,1,1,2,2,1,1,1,1,2,2,2,1,1,1,1,2,1,1,2,1,2,2,1,1,2,2,2,2,1,2,1,1,1,2,2,2,1,2,2,2,1,2,1,1,2,2,1,2,2,1,1,1,1,1,1,2,1,1,1,1,1,1,1,1,1,2,1,2,2,1,2,1,1,2,2,1,2,1,2,2,2,2,1,2,2,1,2,2,2,1,5
2019-04-13 20:10:14,2019-04-13 20:56:14,0,73.68.172.229,100,2759,1,2019-04-13 20:56:14,R_vwR7cOkU7kt5FZf,,,,,42.246307373046875,-70.99720001220703125,anonymous,EN,,1,,,53,1,,,No,1,1,2,1,1,1,1,1,1,2,2,1,2,2,1,1,2,2,2,2,1,1,2,1,2,2,2,1,1,1,1,2,1,2,1,1,2,2,2,2,1,2,1,1,1,2,2,2,2,1,1,1,2,1,2,1,1,1,1,1,1,2,1,2,1,2,2,1,1,2,1,1,2,2,1,2,1,2,1,2,2,1,1,1,1,1,1,1,1,1,1,1,1,2,1,2,1,1,1,1,1,1,1,1,1,1,1,2,1,1,1,1,1,1,1,1,1,2,2
2019-04-14 10:01:58,2019-04-14 10:12:57,0,162.238.28.85,100,658,1,2019-04-14 10:12:58,R_bdXJtWWiyESzcXv,,,,,37.863006591796875,-122.27490234375,anonymous,EN,1,7,,,23,1,,,No,1,1,2,1,1,1,1,1,1,1,1,1,2,1,1,1,1,1,2,1,1,2,1,1,1,1,2,1,1,1,1,2,1,2,1,1,1,2,1,2,1,1,2,2,1,1,1,1,1,1,1,1,1,1,2,1,2,2,1,1,1,1,2,1,1,2,2,1,1,2,1,1,2,1,1,2,2,1,1,1,1,1,1,1,1,1,1,1,1,1,1,1,1,2,1,2,2,1,1,1,1,1,1,1,2,1,1,1,1,1,1,1,2,1,2,2,1,2,3
2019-04-14 12:45:39,2019-04-14 13:00:34,0,73.158.186.234,100,894,1,2019-04-14 13:00:35,R_3LdOJVNpNOG6H7u,,,,,37.8917999267578125,-122.26039886474609375,anonymous,EN,1,7,,,45,1,,,"A class in college ",1,1,2,1,2,3,1,1,1,1,2,2,2,1,1,1,2,2,2,2,2,2,2,1,2,1,2,1,2,1,1,2,1,2,2,1,1,2,1,2,1,1,2,1,1,1,2,1,1,1,1,2,2,1,1,1,2,1,1,1,1,1,1,2,1,2,2,2,1,2,1,1,2,2,1,1,2,1,1,2,1,1,1,2,1,2,2,1,1,2,1,1,1,2,1,2,1,2,2,2,1,2,1,2,2,2,1,2,2,2,1,2,2,1,2,2,1,1,5
2019-04-15 13:35:08,2019-04-15 14:11:52,0,174.63.102.166,100,2204,1,2019-04-15 14:11:53,R_u9gcfMQoKttwyd3,,,,,44.4512939453125,-73.17960357666015625,anonymous,EN,1,1,,,63,1,,,no,1,2,2,1,1,2,1,1,2,2,2,1,2,1,1,2,2,2,2,1,2,2,2,1,1,2,2,2,2,1,2,2,1,2,1,1,1,2,1,2,1,1,2,2,1,1,2,2,2,1,1,1,2,1,2,1,1,2,1,1,1,2,2,2,1,2,2,1,2,2,1,1,2,2,1,2,1,2,1,2,2,1,1,2,1,1,1,1,1,2,2,2,1,2,1,2,1,1,2,1,1,2,2,1,2,2,1,2,2,2,1,2,2,1,2,1,1,2,3
2019-04-11 19:21:58,2019-04-16 08:23:38,0,98.172.147.131,100,392500,1,2019-04-16 08:23:51,R_25EeWJsYbRt6IyA,,,,,41.7494049072265625,-71.4084014892578125,anonymous,EN,1,9,,Northeast USA and Ireland,35,1,,,No,1,2,2,1,1,,1,1,1,1,1,1,2,1,1,2,1,1,2,1,2,2,1,1,1,1,2,1,1,1,2,2,1,1,1,1,1,2,2,1,1,1,2,2,1,1,1,1,1,1,2,2,1,1,1,2,2,1,1,1,1,1,1,1,2,1,2,1,1,2,1,1,1,1,1,1,2,1,1,1,2,1,1,1,1,1,1,1,1,1,1,1,1,1,1,,1,1,1,1,1,1,1,1,1,1,1,1,1,1,1,1,1,1,1,1,1,2,2
2019-04-17 11:08:41,2019-04-17 11:25:39,0,73.17.8.160,100,1017,1,2019-04-17 11:25:39,R_2vdnsh0DiBExpZN,,,,,42.246307373046875,-70.99720001220703125,anonymous,EN,,1,,,39,1,,,no,1,2,2,2,1,3,1,2,1,1,2,2,2,1,1,2,2,2,2,1,2,1,2,1,1,2,1,2,1,1,1,2,1,1,2,1,2,2,1,2,1,2,2,2,1,1,1,2,2,1,1,1,1,1,2,1,1,2,2,1,1,1,1,1,1,2,1,2,2,2,1,1,2,2,1,2,1,1,1,2,1,1,1,1,1,1,1,1,1,2,1,1,1,2,1,2,2,2,2,2,1,2,1,2,2,2,1,1,2,1,1,2,1,1,1,1,1,2,2
2019-04-17 21:47:34,2019-04-17 22:02:43,0,73.149.0.164,100,908,1,2019-04-17 22:02:44,R_ZICRsvmOYGkZrod,,,,,42.3267974853515625,-71.13410186767578125,anonymous,EN,1,1,,,22,1,,,A little,1,1,2,1,1,2,1,1,2,2,1,1,2,1,1,1,1,2,1,1,2,1,1,1,1,1,1,1,1,1,1,2,1,1,1,1,2,2,1,1,1,1,1,1,1,1,1,1,1,1,1,1,1,2,2,1,1,1,1,1,1,2,1,2,1,2,2,2,1,2,2,1,1,2,1,1,1,1,1,1,1,1,1,1,1,1,2,1,1,2,2,1,1,2,1,2,1,2,1,1,1,1,2,2,2,2,1,2,2,2,1,1,2,1,2,1,2,1,2
